;again;party1;party2;mp;loyal
1;Hannig Petr;SZR;Suveren.;0;0
2;Nìmec Vladimír;SZR;Suveren.;0;0
3;Èíla Ivan;SZR;Suveren.;0;0
4;Blaško Marek;SZR;Suveren.;0;0
5;Franke Tomáš;SZR;Obèané;0;0
6;Vávra Vítìzslav;SZR;Suveren.;0;0
7;Kašpar Tomáš;SZR;Suveren.;0;0
8;Rejha Pavel;SZR;Suveren.;0;0
9;Jandová Lenka;SZR;Suveren.;0;0
10;Vorlová Alena;SZR;Suveren.;0;0
11;Churáèek Jiøí;SZR;TOP 09;0;0
12;Pillmann František;SZR;Suveren.;0;0
13;Kleèková Libuše;SZR;Suveren.;0;0
14;Dolívková Jitka;SZR;Suveren.;0;0
15;Hradecká Ilona;SZR;Suveren.;0;0
16;Fišer Petr;SZR;Suveren.;0;0
17;Grund Otakar;SZR;VV;0;0
18;Moèubová Simona;SZR;Suveren.;0;0
19;Pajkrt Stanislav;SZR;Suveren.;0;0
20;Neveèeøalová Vìra;SZR;Suveren.;0;0
21;Obhlídal Zdenìk;SZR;Suveren.;0;0
22;Kruík Vladimír;SZR;Suveren.;0;0
23;Kotouèková Jana;SZR;SZ;0;0
24;Pırek Hubert;SZR;Suveren.;0;0
25;Orel Ladislav;SZR;Suveren.;0;0
26;Hatlapatková Vladimíra;SZR;Suveren.;0;0
27;Stejskal Vladimír;SZR;Suveren.;0;0
28;Kunetek Miloslav;SZR;Suveren.;0;0
29;Bílská Jitka;SZR;Suveren.;0;0
30;Šimèík Pavel;SZR;Suveren.;0;0
31;Horniaková Alena;SZR;Suveren.;0;0
32;Hájek Václav;SZR;Suveren.;0;0
33;Vavrincová Mária;SZR;Suveren.;0;0
34;Hamerskı Milan;LiRA;LIB;0;0
35;Kalenskı Lukáš;LiRA;LIB;0;0
36;Pilous Derek;LiRA;LIB;0;0
37;Sedláèek Marek;LiRA;Svobodní;0;0
38;Bahník Petr;PaS;Svobodní;0;0
39;Petøivalskı Jiøí;PaS;DSSS;0;0
40;Kindler Kryštof;PaS;Svobodní;0;0
41;Hanzlíèková Jana;PaS;KONS;0;0
42;Valeš Petr;PaS;Svobodní;0;0
43;Hoøejš Luboš;PaS;DSSS;0;0
44;Vrtík Jan;PaS;Svobodní;0;0
45;Kohlík František;PaS;Svobodní;0;0
46;Chvorinov Michal;PaS;Svobodní;0;0
47;Štìpánek Jiøí;PaS;DSSS;0;0
48;Hamet Tomáš;PaS;Svobodní;0;0
49;Mrúz Jaroslav;PaS;DSSS;0;0
50;Prokùpek Václav;PaS;DSSS;0;0
51;Schiller Petr;PaS;Svobodní;0;0
52;Pelák Vladimír;PaS;DSSS;0;0
53;Plocarová Alena;PaS;DSSS;0;0
54;Bursa Petr;PaS;DSSS;0;0
55;Michl Martin;PaS;DSSS;0;0
56;Øeøichová Jindøiška;PaS;DSSS;0;0
57;Tolarová Gabriela;PaS;DSSS;0;0
58;Blaško Jan;PaS;DSSS;0;0
59;Èervenka Miroslav;PaS;Svobodní;0;0
60;Burger Martin;PaS;Svobodní;0;0
61;Kotáb Petr;PaS;DSSS;0;0
62;Lipskı Jiøí;PaS;Svobodní;0;0
63;Doubrava Jaroslav;PaS;Svobodní;0;0
64;Èejka Jaromír;PaS;DSSS;0;0
65;ák Petr;PaS;Svobodní;0;0
66;Vostøel Petr;PaS;Svobodní;0;0
67;Nestler Jindøich;PaS;DSSS;0;0
68;Novotná Soòa;PaS;DSSS;0;0
69;Vandas Tomáš;PaS;DSSS;0;0
70;Kotáb Pavel;PaS;DSSS;0;0
71;Sedliská Mária;PaS;DSSS;0;0
72;Jirásek Vladimír;PaS;DSSS;0;0
73;Vítková Olga;PaS;DSSS;0;0
74;Køivánek Josef;PaS;DSSS;0;0
75;Procházka Antonín;PaS;Svobodní;0;0
76;Valterová Vìra;NEZ;Suveren.;0;0
77;Kuèera Zdenìk;NEZ;SPOZ;0;0
78;Vinickı Ivan;NEZ;ÈSSD;0;0
79;Doubková Petra;NEZ;SPOZ;0;0
80;Filipová Alena;NEZ;Suveren.;0;0
81;Dušek Antonín;NEZ;M;0;0
82;Nìmeèková Jana;NEZ;TOP 09;0;0
83;Koleèkáøová Blanka;NEZ;TOP 09;0;0
84;Hronec Ivan;NEZ;Suveren.;0;0
85;Pecka Milan;NEZ;ODS;0;0
86;Ïurica Otto;NEZ;Suveren.;0;0
87;Srb Václav;KÈ;KÈ;0;1
88;Jenèek Jindøich;KÈ;KÈ;0;1
89;Lieberzeit Michal;KÈ;KÈ;0;1
90;Pešek Jiøí Pavel;KÈ;KONS;0;0
91;Krátkı Petr;KÈ;KÈ;0;1
92;Drvota Jaromír;KÈ;KÈ;0;1
93;Šubrt Jiøí;KÈ;KÈ;0;1
94;Košek Vítìzslav;KÈ;KÈ;0;1
95;Mácha Slavomír;KÈ;KÈ;0;1
96;Procházka Pavel;KÈ;KÈ;0;1
97;Øepka Zdenìk;KÈ;KÈ;0;1
98;Kubeš Aleš;KÈ;KÈ;0;1
99;Boejovskı Jan;KÈ;KÈ;0;1
100;Benèok Michal;KÈ;KÈ;0;1
101;Jeík Vlastimil;KÈ;KÈ;0;1
102;Drnek Jan;KÈ;KÈ;0;1
103;Brachtel Oto;KÈ;KÈ;0;1
104;Šmejkal Aleš;KÈ;KÈ;0;1
105;Juriga Emil;KÈ;KÈ;0;1
106;Šmerda Daniel;KÈ;KÈ;0;1
107;Šmídová Rùena;KÈ;KÈ;0;1
108;Mrzílek Jan;KÈ;KONS;0;0
109;Holman Jakub;KÈ;KONS;0;0
110;Èíek Jiøí;KÈ;KÈ;0;1
111;Veleckı Luboš;KÈ;KÈ;0;1
112;Nohel Petr;KÈ;KÈ;0;1
113;Hoffej Josef;KÈ;KÈ;0;1
114;Novotná Marie Klotilda;KÈ;KÈ;0;1
115;Pejøimovskı Josef;KÈ;KÈ;0;1
116;Koèarová Vìra;KÈ;KÈ;0;1
117;Pavlica Tomáš;KÈ;KONS;0;0
118;Hibsch David;KÈ;KONS;0;0
119;Laudát František;ODS;TOP 09;1;0
120;Dub Tomáš;ODS;ODS;1;1
121;Bratskı Petr;ODS;ODS;1;1
122;Benda Marek;ODS;ODS;1;1
123;Šastnı Boris;ODS;ODS;1;1
124;Novotnı Zbynìk;ODS;ODS;1;1
125;Rovan Daniel;ODS;ODS;1;1
126;Mallotová Helena;ODS;ODS;1;1
127;Slámová Klára;ODS;Suveren.;1;0
128;Svátek Jan;ODS;ODS;0;1
129;Samková Alena;ODS;ODS;0;1
130;Blaek František;ODS;ODS;0;1
131;Kádner Tomáš;ODS;ODS;0;1
132;Èerná Jana;ODS;ODS;0;1
133;Vidím Jan;ODS;ODS;1;1
134;Tluchoø Petr;ODS;ODS;1;1
135;Rádl Aleš;ODS;ODS;1;1
136;Bohatec Pavel;ODS;ODS;1;1
137;Jeník Miroslav;ODS;ODS;1;1
138;Fuksa Ivan;ODS;ODS;0;1
139;Nekolnı Jakub;ODS;ODS;0;1
140;Vanìk Tomáš;ODS;ODS;0;1
141;Pajkrtová Cecilie;ODS;ODS;0;1
142;Štìpánek Daniel;ODS;ODS;0;1
143;Egidová Karla;ODS;ODS;0;1
144;Pekárek Roman;ODS;ODS;0;1
145;Špika Jan;ODS;ODS;1;1
146;Doktor Michal;ODS;ODS;1;1
147;Bauer Jan;ODS;ODS;1;1
148;Dìdiè František;ODS;ODS;1;1
149;Pøívozník Ladislav;ODS;ODS;0;1
150;Bláha Jindøich;ODS;ODS;0;1
151;Pospíšil Jiøí;ODS;ODS;1;1
152;Pape Jiøí;ODS;ODS;1;1
153;Vilímec Vladislav;ODS;ODS;1;1
154;Dlouhı Vladimír;ODS;ODS;1;1
155;Hošek Petr;ODS;ODS;0;1
156;Mráz Jaroslav;ODS;ODS;0;1
157;Poduška Jan;ODS;ODS;0;1
158;Šnebergr Michal;ODS;ODS;0;1
159;Patera Miloš;ODS;ODS;1;1
160;Suk Lubomír;ODS;ODS;1;1
161;Bureš Jan;ODS;ODS;0;1
162;Orálek Luboš;ODS;ODS;0;1
163;Vodièková Olga;ODS;ODS;0;1
164;Gandaloviè Petr;ODS;ODS;1;1
165;Šoltys Vladimír;ODS;ODS;1;1
166;Záhorskı Vladimír;ODS;ODS;0;1
167;Kraus Tomáš;ODS;ODS;0;1
168;Hasil Tomáš;ODS;ODS;1;1
169;Mach Zdenìk;ODS;ODS;1;1
170;Krenickı Zdenìk;ODS;ODS;0;1
171;Dohnalová Jana;ODS;ODS;0;1
172;Horníková Zdeòka;ODS;ODS;1;1
173;Kafka David;ODS;ODS;1;1
174;Lhota Zdenìk;ODS;ODS;1;1
175;Kochan Jozef;ODS;ODS;1;1
176;Procházka Miroslav;ODS;ODS;0;1
177;Meèíø Martin;ODS;ODS;0;1
178;Libı Ladislav;ODS;ODS;1;1
179;Èepelka Jiøí;ODS;ODS;1;1
180;Petruška Daniel;ODS;ODS;1;1
181;Hruška Vlastimil;ODS;ODS;0;1
182;Štìpánek Vítìzslav;ODS;ODS;0;1
183;Klodner Jaroslav;ODS;ODS;0;1
184;Nìmcová Miroslava;ODS;ODS;1;1
185;Hink Vladimír;ODS;ODS;1;1
186;Šmíd Milan;ODS;ODS;1;1
187;Kafoòková Simona;ODS;ODS;0;1
188;aloudek Stanislav;ODS;ODS;0;1
189;Mencl Václav;ODS;ODS;1;1
190;Bartoš Walter;ODS;ODS;1;1
191;Šeich David;ODS;ODS;1;1
192;Suchánek Pavel;ODS;ODS;1;1
193;Sivera František;ODS;ODS;1;1
194;Hrbata Michael;ODS;ODS;1;1
195;Filipi Dana;ODS;ODS;1;1
196;Beránek Martin;ODS;ODS;0;1
197;Adámek Petr;ODS;ODS;0;1
198;Ryba Vladimír;ODS;ODS;0;1
199;Langer Ivan;ODS;ODS;1;1
200;Krill Petr;ODS;ODS;1;1
201;Fiala Radim;ODS;ODS;1;1
202;Boháè Zdenìk;ODS;ODS;1;1
203;Neèas Petr;ODS;ODS;1;1
204;Plachı Jaroslav;ODS;ODS;1;1
205;Úlehla Tomáš;ODS;ODS;1;1
206;Táborská Iveta;ODS;ODS;0;1
207;Pijáèek Jan;ODS;ODS;0;1
208;Trèka Jan;ODS;ODS;0;1
209;Hoza Roman;ODS;ODS;0;1
210;Herentinová Pavlína;ODS;ODS;0;1
211;Josefík Pavel;ODS;ODS;0;1
212;Sklenská Jiøina;ODS;ODS;0;1
213;Šindláø Miroslav;ODS;ODS;0;1
214;Krupka Jaroslav;ODS;ODS;1;1
215;Molendová Dagmar;ODS;ODS;1;1
216;Nowak Libor;ODS;ODS;1;1
217;Janèálková Dagmar;ODS;ODS;0;1
218;Pipreková Helena;ODS;ODS;0;1
219;Bìrskı Kamil;ODS;ODS;0;1
220;Bednaøík Karel;ODS;ODS;0;1
221;Rath David;ÈSSD;ÈSSD;1;1
222;Svoboda Miroslav;ÈSSD;ÈSSD;1;1
223;Šplíchal Karel;ÈSSD;ÈSSD;1;1
224;Køeèek Stanislav;ÈSSD;ÈSSD;1;1
225;Kalábková Gabriela;ÈSSD;ÈSSD;1;1
226;Polaneckı Vladimír;ÈSSD;ÈSSD;0;1
227;Koskuba Jiøí;ÈSSD;ÈSSD;0;1
228;Metelec Jiøí;ÈSSD;ÈSSD;0;1
229;Pubrdle Tomáš;ÈSSD;ÈSSD;0;1
230;Pech Jan;ÈSSD;ÈSSD;0;1
231;Matonoha Drahoslav;ÈSSD;ÈSSD;0;1
232;Urban Milan;ÈSSD;ÈSSD;1;1
233;Dolejš Richard;ÈSSD;ÈSSD;1;1
234;Hamáèek Jan;ÈSSD;ÈSSD;1;1
235;Mazuchová Lenka;ÈSSD;ÈSSD;1;1
236;Sunkovskı Petr;ÈSSD;ÈSSD;1;1
237;Koníèek František;ÈSSD;ÈSSD;0;1
238;Mocová Dagmar;ÈSSD;ÈSSD;0;1
239;Semerád Marek;ÈSSD;ÈSSD;0;1
240;ika Jan;ÈSSD;SPOZ;0;0
241;Zemek Václav;ÈSSD;ÈSSD;0;1
242;Medøická Dana;ÈSSD;ÈSSD;0;1
243;Jandák Vítìzslav;ÈSSD;ÈSSD;1;1
244;Bohdalová Vlasta;ÈSSD;ÈSSD;1;1
245;Kratochvíle Karel;ÈSSD;ÈSSD;1;1
246;Babor Jan;ÈSSD;ÈSSD;1;1
247;Zeman Eduard;ÈSSD;SPOZ;0;0
248;Loskotová Marie;ÈSSD;ÈSSD;0;1
249;Novák Jaromír;ÈSSD;ÈSSD;0;1
250;Nìmec František;ÈSSD;ÈSSD;0;1
251;Boška Radek;ÈSSD;SPOZ;0;0
252;Ševèík Jiøí;ÈSSD;ÈSSD;0;1
253;Votava Václav;ÈSSD;ÈSSD;1;1
254;Látka Jan;ÈSSD;ÈSSD;1;1
255;Šlajs Václav;ÈSSD;ÈSSD;1;1
256;Emmerová Milada;ÈSSD;ÈSSD;0;1
257;Fojtík Pavel;ÈSSD;ÈSSD;0;1
258;Lang Karel;ÈSSD;ÈSSD;0;1
259;Bauer Jaroslav;ÈSSD;ÈSSD;0;1
260;Šobr Jaroslav;ÈSSD;ÈSSD;0;1
261;Fiala Jaroslav;ÈSSD;ÈSSD;1;1
262;Berka Zdenìk;ÈSSD;ÈSSD;0;1
263;Bradáè Jaroslav;ÈSSD;ÈSSD;0;1
264;Lebeda Antonín;ÈSSD;ÈSSD;0;1
265;Hozmanová Hana;ÈSSD;ÈSSD;0;1
266;Paroubek Jiøí;ÈSSD;ÈSSD;1;1
267;Krákora Jaroslav;ÈSSD;ÈSSD;1;1
268;Mertinová Marcela;ÈSSD;ÈSSD;1;1
269;Foldyna Jaroslav;ÈSSD;ÈSSD;0;1
270;Bílek Vladimír;ÈSSD;ÈSSD;0;1
271;Sinko Pavel;ÈSSD;ÈSSD;0;1
272;Štejnar Radek;ÈSSD;ÈSSD;0;1
273;Zapletal Cyril;ÈSSD;ÈSSD;1;1
274;Ploc Pavel;ÈSSD;ÈSSD;1;1
275;Vanìk Jiøí;ÈSSD;ÈSSD;0;1
276;Podzimek Jaroslav;ÈSSD;ÈSSD;0;1
277;Orgoníková Hana;ÈSSD;ÈSSD;1;1
278;Lesenská Vladimíra;ÈSSD;ÈSSD;1;1
279;Böhnisch Robin;ÈSSD;ÈSSD;1;1
280;Tøešòáková Jana;ÈSSD;ÈSSD;0;1
281;Šklíba Karel;ÈSSD;ÈSSD;0;1
282;Lesák Vladimír;ÈSSD;ÈSSD;0;1
283;Mareèek Jaromír;ÈSSD;SPOZ;0;0
284;Šolc Jaroslav;ÈSSD;ÈSSD;0;1
285;Váòa Miroslav;ÈSSD;ÈSSD;1;1
286;Zelenková Ladislava;ÈSSD;ÈSSD;1;1
287;Soušek Miloslav;ÈSSD;ÈSSD;1;1
288;Navrátilová Ludmila;ÈSSD;ÈSSD;1;1
289;Neubauer Václav;ÈSSD;ÈSSD;0;1
290;áèková Jaromíra;ÈSSD;ÈSSD;0;1
291;Novotnı Milan;ÈSSD;SPOZ;0;0
292;Ascherl Jiøí;ÈSSD;SPOZ;0;0
293;Tejkl Miroslav;ÈSSD;ÈSSD;0;1
294;Bublan František;ÈSSD;ÈSSD;1;1
295;Èernı Karel;ÈSSD;ÈSSD;1;1
296;Zgarba Petr;ÈSSD;ÈSSD;1;1
297;Schling Jaromír;ÈSSD;SPOZ;0;0
298;Draèka Emil;ÈSSD;ÈSSD;0;1
299;Lukša Pavel;ÈSSD;ÈSSD;0;1
300;Kovanda Bohumil;ÈSSD;ÈSSD;0;1
301;Vidláková Alena;ÈSSD;ÈSSD;0;1
302;Doleal Jaroslav;ÈSSD;ÈSSD;0;1
303;Sobotka Bohuslav;ÈSSD;ÈSSD;1;1
304;Tejc Jeronım;ÈSSD;ÈSSD;1;1
305;Hašek Michal;ÈSSD;ÈSSD;1;1
306;Ohlídal Ivan;ÈSSD;ÈSSD;1;1
307;Petrù Jiøí;ÈSSD;ÈSSD;1;1
308;Skopal Ladislav;ÈSSD;ÈSSD;1;1
309;Hájek Petr;ÈSSD;ÈSSD;1;1
310;Altman Jiøí;ÈSSD;ÈSSD;0;1
311;Slavíková Stanislava;ÈSSD;ÈSSD;0;1
312;Sklenák Roman;ÈSSD;ÈSSD;0;1
313;Petøík Jiøí;ÈSSD;ÈSSD;0;1
314;Vondráková Radmila;ÈSSD;ÈSSD;0;1
315;Ziegler Jiøí;ÈSSD;ÈSSD;0;1
316;Krátkı Jiøí;ÈSSD;ÈSSD;1;1
317;Nìmec Pavel;ÈSSD;ÈSSD;1;1
318;Smetana Pavel;ÈSSD;ÈSSD;1;1
319;Pavlièíková Eva;ÈSSD;ÈSSD;0;1
320;Zemánek Jiøí;ÈSSD;ÈSSD;0;1
321;Pøichystal Jan;ÈSSD;ÈSSD;0;1
322;Šoltys Pavel;ÈSSD;ÈSSD;0;1
323;Škromach Zdenìk;ÈSSD;ÈSSD;1;1
324;Smıkal Josef;ÈSSD;ÈSSD;1;1
325;Novosad František;ÈSSD;ÈSSD;1;1
326;Seïa Antonín;ÈSSD;ÈSSD;1;1
327;Navrátil Petr;ÈSSD;ÈSSD;0;1
328;Strnadlová Miroslava;ÈSSD;ÈSSD;0;1
329;Lacinová Dagmar;ÈSSD;ÈSSD;0;1
330;Zaorálek Lubomír;ÈSSD;ÈSSD;1;1
331;Michalík Alfréd;ÈSSD;ÈSSD;1;1
332;Kluèka Václav;ÈSSD;ÈSSD;1;1
333;Šincl Ladislav;ÈSSD;ÈSSD;1;1
334;Petr Bøetislav;ÈSSD;ÈSSD;1;1
335;Besta Zdenìk;ÈSSD;ÈSSD;1;1
336;Velebnı Ladislav;ÈSSD;ÈSSD;1;1
337;Kala Jaroslav;ÈSSD;ÈSSD;0;1
338;Zechová Iveta;ÈSSD;ÈSSD;0;1
339;Krejèí Petr;ÈSSD;SPOZ;0;0
340;Štekbauer Jaroslav;ÈSSD;ÈSSD;0;1
341;Votoèek Jan;SNK ED;TOP 09;0;0
342;Jankovskı Kamil;SNK ED;VV;0;0
343;Huml Stanislav;SNK ED;VV;0;0
344;Švácha Jan;SNK ED;TOP 09;0;0
345;Digrin Petr;SNK ED;TOP 09;0;0
346;Smutnı Jan;SNK ED;TOP 09;0;0
347;Machaè Jiøí;SNK ED;Obèané;0;0
348;Vendlová Veronika;SNK ED;TOP 09;0;0
349;Mraèek Lumír;SNK ED;VV;0;0
350;Bednáøová Petra;SNK ED;VV;0;0
351;Procházka Václav;SNK ED;Obèané;0;0
352;Petrus Václav;SNK ED;TOP 09;0;0
353;Kotek Jiøí;SNK ED;Obèané;0;0
354;Zámostná Olga;SNK ED;Obèané;0;0
355;Bro Jiøí;SNK ED;Obèané;0;0
356;Rùièka Jaroslav;SNK ED;Obèané;0;0
357;Jandová Jana;SNK ED;Obèané;0;0
358;Morávek Jiøí;SNK ED;Obèané;0;0
359;Horáèek Josef;SNK ED;TOP 09;0;0
360;Šabata Radovan;SNK ED;TOP 09;0;0
361;Bartoò Jan;SNK ED;TOP 09;0;0
362;Štìrba Jiøí;SNK ED;TOP 09;0;0
363;Kabátek Bohuslav;SNK ED;VV;0;0
364;Tulpa Petr;SNK ED;TOP 09;0;0
365;Maierová Hana;SNK ED;TOP 09;0;0
366;Macháèek Ivan;SNK ED;VV;0;0
367;Štìtina Jiøí;SNK ED;VV;0;0
368;Kraus Zdenìk;SNK ED;TOP 09;0;0
369;Koláèek Michal;SNK ED;VV;0;0
370;Øezníèek Petr;SNK ED;VV;0;0
371;Fraòková Štìpánka;SNK ED;VV;0;0
372;Petráò Miroslav;SNK ED;VV;0;0
373;Skalickı Jiøí;SNK ED;TOP 09;0;0
374;Honzárek Libor;SNK ED;TOP 09;0;0
375;Pfaur Ivan;SNK ED;TOP 09;0;0
376;Èerná Marie;SNK ED;VV;0;0
377;Marková Kvìtoslava;SNK ED;VV;0;0
378;Wasserbauer Stanislav;SNK ED;VV;0;0
379;Kopeckı František;SNK ED;Obèané;0;0
380;Vlèek Lukáš;SNK ED;VV;0;0
381;Rozsívalová Jana;SNK ED;Suveren.;0;0
382;Polèák Stanislav;SNK ED;TOP 09;0;0
383;Kováøík Miroslav;SNK ED;TOP 09;0;0
384;Stránskı Igor;SNK ED;SZ;0;0
385;Zdráhalová Lapèíková Zuzana;SNK ED;TOP 09;0;0
386;Jungmann Pavel;SNK ED;TOP 09;0;0
387;Køí Vladimír;US-DEU;VV;0;0
388;Ziková Kvìta;US-DEU;VV;0;0
389;Picka Libor;US-DEU;TOP 09;0;0
390;Šnajdauf František;US-DEU;Obèané;0;0
391;Berger Jan;PB;PB;0;1
392;Votruba Josef;PB;Suveren.;0;0
393;Durdil Miroslav;PB;PB;0;1
394;Polan Jindøich;PB;PB;0;1
395;Šimùnek Zbynìk;PB;PB;0;1
396;Kaštánková Daniela;PB;PB;0;1
397;Rybák Karel;PB;PB;0;1
398;Peterová Lucie;PB;PB;0;1
399;Velden Jiøí;PB;PB;0;1
400;Hrabánek Karel;PB;PB;0;1
401;Karfus Ludvík;PB;PB;0;1
402;Fronìk Roman;PB;PB;0;1
403;Jelínek Josef;PB;PB;0;1
404;Vıbornı Josef;PB;PB;0;1
405;Pešula Milan Miki;PB;PB;0;1
406;Mach Libor;PB;PB;0;1
407;Lev Ivan;PB;PB;0;1
408;Trejbal František;PB;PB;0;1
409;Trefná Zdeòka;PB;PB;0;1
410;Macek Pavel;PB;PB;0;1
411;Kaštánek Roman;PB;PB;0;1
412;Frynta Petr;PB;PB;0;1
413;Diviš Jiøí;PB;PB;0;1
414;Dvoøák Karel;PB;PB;0;1
415;Novotnı Jaromír;PB;PB;0;1
416;Jebavá Miloslava;PB;PB;0;1
417;Roubínek Miroslav;PB;PB;0;1
418;Èernota Miroslav;PB;PB;0;1
419;Adam Lukáš;PB;PB;0;1
420;Plzák Petr;PB;PB;0;1
421;Janoušek Miroslav;PB;PB;0;1
422;Krejsa Jaroslav;PB;PB;0;1
423;Hofman Vladimír;PB;PB;0;1
424;Èerná Jitka;PB;PB;0;1
425;Rost Vlastimil;PB;PB;0;1
426;Rùièka Jiøí;PB;PB;0;1
427;Andras Jiøí;PB;PB;0;1
428;Seibert Eduard;PB;PB;0;1
429;Beranová Jana;PB;PB;0;1
430;Lokajová Ellen;PB;PB;0;1
431;Kuèera Ladislav;PB;Suveren.;0;0
432;Punèocháø Arnošt;PB;PB;0;1
433;Dìdeèek Václav;PB;PB;0;1
434;Lukáèek Petr;PB;PB;0;1
435;Matysková Edita;PB;PB;0;1
436;Chaloupka Miroslav;PB;PB;0;1
437;Nosek Zdenìk;PB;PB;0;1
438;Durchánek Petr;PB;PB;0;1
439;Jankoviè Miloš;PB;PB;0;1
440;Kazilovskı František;PB;PB;0;1
441;Tichı Lubomír;PB;PB;0;1
442;Steklı Roman;PB;PB;0;1
443;Kudláèek Kryštof;PB;PB;0;1
444;Janèula Milan;PB;PB;0;1
445;Vlk Ondøej;PB;PB;0;1
446;Boøil Jaroslav;PB;PB;0;1
447;Zejda Antonín;PB;PB;0;1
448;Myslivec Jindøich;PB;PB;0;1
449;Nìmec Ivo;PB;PB;0;1
450;Vévoda Bohuslav;PB;PB;0;1
451;Neubauer Vlastimil;PB;PB;0;1
452;Koplová Eva;PB;PB;0;1
453;Valenta Zdenìk;PB;PB;0;1
454;Cibulka Petr;PB;PB;0;1
455;Hejl Petr;PB;PB;0;1
456;Rùièková Eva;PB;PB;0;1
457;Hendrych Vladimír;PB;PB;0;1
458;Zelená Marie;PB;PB;0;1
459;Kobaník Václav;PB;PB;0;1
460;Jankovièová Marta;PB;PB;0;1
461;Nováková Jana;PB;PB;0;1
462;Skopcová Jaroslava;PB;PB;0;1
463;Bartoòová Vìra;PB;PB;0;1
464;Sobczyñski Pavel;PB;PB;0;1
465;Vlnová Pavlína;PB;PB;0;1
466;Štìpánek Josef;PB;PB;0;1
467;Kazilovská Petra;PB;PB;0;1
468;Giblová Anna;PB;PB;0;1
469;Feil Miroslav;PB;PB;0;1
470;Rejthar Milan;PB;PB;0;1
471;Koøínek Marek;PB;PB;0;1
472;Friedl Josef;PB;PB;0;1
473;Pøikrylová Iva;PB;PB;0;1
474;Špaèek Drahomír;PB;PB;0;1
475;Mikš Libor;PB;PB;0;1
476;Gibl Alois;PB;PB;0;1
477;Drábek Pavel;PB;PB;0;1
478;Gottwald Pavel;PB;PB;0;1
479;Zelená Kateøina;PB;PB;0;1
480;Palát Karel;PB;PB;0;1
481;Kašík Pavel;PB;PB;0;1
482;Orszulík Josef;PB;PB;0;1
483;Krè Radomír;PB;PB;0;1
484;Weiss Patrik;PB;PB;0;1
485;Budník Jiøí;PB;PB;0;1
486;Pazdera Ivo;PB;PB;0;1
487;Michálková Alena;PB;PB;0;1
488;Kopl Petr;PB;PB;0;1
489;Sklenièková Libuše;PB;PB;0;1
490;Kofroò Eduard;PB;PB;0;1
491;Badalec Jan;PB;PB;0;1
492;Balán Josef;PB;PB;0;1
493;Zemek Josef;4 VIZE;Obèané;0;0
494;Rovnı Jaroslav;ÈSNS2005;ÈSNS;0;0
495;Babinec Bohdan;ÈSNS2005;Suveren.;0;0
496;Janko Karel;ÈSNS2005;ÈSNS2005;0;1
497;Vazaè Jiøí;ÈSNS2005;ÈSNS;0;0
498;Pondìlíèek Jiøí;ÈSNS2005;ÈSNS2005;0;1
499;Schaefer Milan;ÈSNS2005;ÈSNS2005;0;1
500;Dvoøák Ivan;ÈSNS2005;ÈSNS2005;0;1
501;Jirsáková Jarmila;ÈSNS2005;ÈSNS2005;0;1
502;Votava Pøemysl;ÈSNS2005;ÈSNS2005;0;1
503;Miháliková Jana;ÈSNS2005;ÈSNS2005;0;1
504;Rittich Jan;ÈSNS2005;ÈSNS;0;0
505;Fejfar Jiøí;ÈSNS2005;ÈSNS2005;0;1
506;Palša Stanislav;ÈSNS2005;ÈSNS2005;0;1
507;Foral Tomáš;ÈSNS2005;ÈSNS2005;0;1
508;Cabejšek Vlastimil;ÈSNS2005;ÈSNS2005;0;1
509;Foral Bohumil;ÈSNS2005;ÈSNS2005;0;1
510;Schwarz Lubomír;ÈSNS2005;ÈSNS2005;0;1
511;Mazùrek Rudolf;ÈSNS2005;ÈSNS2005;0;1
512;Driml Oto;ÈSNS2005;ÈSNS2005;0;1
513;Adámek Jiøí;M;M;0;1
514;Trnka Milan;M;M;0;1
515;Dufek Jiøí;M;DSSS;0;0
516;Borkovec Jan;M;M;0;1
517;Zboínek Zdenìk;M;M;0;1
518;Novotnı František;M;M;0;1
519;Nìmeèek Richard;M;M;0;1
520;Pazour Jaroslav;M;M;0;1
521;Peitl Vlastislav;M;M;0;1
522;Franta Bernard;M;M;0;1
523;Ovèaèíková Alena;M;DSSS;0;0
524;Kolomazník Karel;M;M;0;1
525;Èernošek Jan;M;M;0;1
526;Ševèík Zdenìk;M;M;0;1
527;Smital Jan;M;M;0;1
528;Srovnal Drahomír;M;M;0;1
529;Opálka Jan;M;PB;0;0
530;Toboliè Bronislav;M;M;0;1
531;Koøínek Jiøí;M;M;0;1
532;Kroupa Josef;M;M;0;1
533;aludek Jindøich;M;Suveren.;0;0
534;Hubíková Blanka;M;M;0;1
535;Kadlèík Pavel;M;M;0;1
536;Franta Pavel;M;M;0;1
537;Keprt Robert;M;M;0;1
538;Bursík Martin;SZ;SZ;1;1
539;Štìpánek Petr;SZ;SZ;0;1
540;Kotvová Iva;SZ;SZ;0;1
541;Šmída Josef;SZ;SZ;0;1
542;Kolínská Petra;SZ;SZ;0;1
543;Velek Ondøej;SZ;SZ;0;1
544;Rejchrtová Albìta;SZ;SZ;0;1
545;Jeek Jakub;SZ;SZ;0;1
546;Bräuner Tomáš;SZ;SZ;0;1
547;Uhl Michal;SZ;SZ;0;1
548;Vilgus Petr;SZ;SZ;0;1
549;Mirovskı Ondøej;SZ;SZ;0;1
550;Rut Ondøej;SZ;SZ;0;1
551;Stropnickı Matìj;SZ;SZ;0;1
552;Petøíèek Václav;SZ;SZ;0;1
553;Šlejtr Josef;SZ;SZ;0;1
554;Hrdina Petr;SZ;SZ;0;1
555;Èernovskı Zdenìk;SZ;SZ;0;1
556;Šmíd Otakar;SZ;SZ;0;1
557;Janata Jiøí;SZ;SZ;0;1
558;Stráskı Dalibor;SZ;SZ;0;1
559;Guth Jarkovskı Jiøí;SZ;SZ;0;1
560;Guthová Jarkovská Zuzana;SZ;SZ;0;1
561;Lev Libor;SZ;SZ;0;1
562;Sequens Edvard;SZ;SZ;0;1
563;Neuil Jaroslav;SZ;SZ;0;1
564;Mareèek Jiøí;SZ;SZ;0;1
565;Novák Karel;SZ;SZ;0;1
566;Hlávka Petr;SZ;SZ;0;1
567;Gebouskı Milan;SZ;SZ;0;1
568;Kytka Jan;SZ;SZ;0;1
569;Pála Lumír;SZ;SZ;0;1
570;Rabas Pøemysl;SZ;SZ;1;1
571;Stehlíková Damila;SZ;SZ;0;1
572;Beneš Jaroslav;SZ;SZ;0;1
573;Ledvinka František;SZ;SZ;0;1
574;Koláøová Jitka;SZ;SZ;0;1
575;Pakosta Petr;SZ;SZ;0;1
576;Hudec Miroslav;SZ;SZ;0;1
577;Pokorná Martina;SZ;SZ;0;1
578;Václavík David;SZ;SZ;0;1
579;Štayrová Monika;SZ;SZ;0;1
580;Briš Petr;SZ;SZ;0;1
581;Kulich Jiøí;SZ;SZ;0;1
582;Vìchet Martin;SZ;SZ;0;1
583;Flídr Bohumil;SZ;SZ;0;1
584;Hanousek Martin;SZ;SZ;0;1
585;Dosoudilová Jitka;SZ;SZ;0;1
586;Malík Jiøí;SZ;SZ;0;1
587;Vaøechová Leona;SZ;SZ;0;1
588;Linhart Jan;SZ;SZ;0;1
589;Pavlosek Jiøí;SZ;SZ;0;1
590;Prchal Vít;SZ;SZ;0;1
591;Houzarová Hana;SZ;SZ;0;1
592;Sklenáø Josef;SZ;SZ;0;1
593;Lippert Jan;SZ;SZ;0;1
594;Fuèíková Ludmila;SZ;SZ;0;1
595;Liška Ondøej;SZ;SZ;1;1
596;Dubská Kateøina;SZ;SZ;0;1
597;Flamiková Jasna;SZ;SZ;0;1
598;Vlašín Mojmír;SZ;SZ;0;1
599;Drápalová Jana;SZ;SZ;0;1
600;Havlíèek Tomáš;SZ;SZ;0;1
601;Benešová Zuzana;SZ;SZ;0;1
602;Matuška Jiøí;SZ;SZ;0;1
603;Nawrath Martin;SZ;SZ;0;1
604;Gaillyová Yvonna;SZ;SZ;0;1
605;Bartùšek David;SZ;SZ;0;1
606;Hollan Jan;SZ;SZ;0;1
607;Andrš Pavel;SZ;KÈ;0;0
608;Hradil Tomáš;SZ;SZ;0;1
609;Šarapatka Boøivoj;SZ;TOP 09;0;0
610;Kolaøík Martin;SZ;SZ;0;1
611;Urban Jiøí;SZ;SZ;0;1
612;Roubíková Blanka;SZ;SZ;0;1
613;Mátl Milan;SZ;SZ;0;1
614;Los Martin;SZ;SZ;0;1
615;Šulgan František;SZ;SZ;0;1
616;Janík Miroslav;SZ;SZ;0;1
617;Stojarová Vìra;SZ;SZ;0;1
618;Pavelka Karel;SZ;SZ;0;1
619;Jurek Vilém;SZ;SZ;0;1
620;Èernı Miroslav;SZ;SZ;0;1
621;Èich Vlastimil;SZ;SZ;0;1
622;Orel Petr;SZ;SZ;0;1
623;Riegel Karel;SZ;SZ;0;1
624;Mandrla Vladimír;SZ;SZ;0;1
625;Bartoš Ivan;SZ;SZ;0;1
626;Krist Jiøí;SZ;SZ;0;1
627;Tamáš Jan;H.S.;HS;0;0
628;Novomestská Ivona;H.S.;HS;0;0
629;Chocholatá Lucie;H.S.;HS;0;0
630;Bednáøová Táòa;H.S.;HS;0;0
631;Heøtusová Simona;H.S.;HS;0;0
632;Feminová Dana;H.S.;HS;0;0
633;Bednáø Jan;H.S.;HS;0;0
634;Doušová Silvia;H.S.;HS;0;0
635;Hrušínskı Martin;H.S.;HS;0;0
636;Mevald Martin;H.S.;HS;0;0
637;Beneš František;KSÈM;KSÈM;0;1
638;Dolejš Jiøí;KSÈM;KSÈM;1;1
639;Exner Václav;KSÈM;KSÈM;1;1
640;Semelová Marta;KSÈM;KSÈM;0;1
641;Skála Josef;KSÈM;KSÈM;0;1
642;Ambro Pavel;KSÈM;KSÈM;0;1
643;Krajèa Milan;KSÈM;KSÈM;0;1
644;Jumr Václav;KSÈM;KSÈM;0;1
645;Èunátová Jana;KSÈM;KSÈM;0;1
646;Mouèková Miroslava;KSÈM;KSÈM;0;1
647;Vìrteláø Václav;KSÈM;KSÈM;0;1
648;Gušlbauerová Dagmar;KSÈM;KSÈM;0;1
649;Janouch Roman;KSÈM;KSÈM;0;1
650;Hronová Alena;KSÈM;KSÈM;0;1
651;Koudele František;KSÈM;KSÈM;0;1
652;Grospiè Stanislav;KSÈM;KSÈM;1;1
653;Fialová Jiøina;KSÈM;KSÈM;1;1
654;Vostrá Miloslava;KSÈM;KSÈM;1;1
655;Melša Václav;KSÈM;KSÈM;0;1
656;Kudrna Luboš;KSÈM;KSÈM;0;1
657;Jetenskı Pavel;KSÈM;KSÈM;0;1
658;Humlová Jiøina;KSÈM;KSÈM;0;1
659;Štefek Zdenìk;KSÈM;KSÈM;0;1
660;Hejduk Stanislav;KSÈM;KSÈM;0;1
661;Peltan Rudolf;KSÈM;KSÈM;0;1
662;Pavlíková Kateøina;KSÈM;KSÈM;0;1
663;Sirotek Kamil;KSÈM;KSÈM;0;1
664;Nekováøová Zuzana;KSÈM;KSÈM;0;1
665;Filip Vojtìch;KSÈM;KSÈM;1;1
666;Branı Petr;KSÈM;KSÈM;1;1
667;Jirousová Taána;KSÈM;KSÈM;0;1
668;Vytiska Tomeš;KSÈM;KSÈM;0;1
669;Baborová Vítìzslava;KSÈM;KSÈM;0;1
670;Sedláèek Stanislav;KSÈM;KSÈM;0;1
671;Dvoøák Luboš;KSÈM;KSÈM;0;1
672;Rodinová Hana;KSÈM;KSÈM;0;1
673;Nohavová Alena;KSÈM;KSÈM;0;1
674;Janáèek Gustav;KSÈM;KSÈM;0;1
675;Klokoèková Lea;KSÈM;KSÈM;0;1
676;Filipová Hana;KSÈM;KSÈM;0;1
677;Levá Ivana;KSÈM;KSÈM;1;1
678;Šidlo Karel;KSÈM;KSÈM;1;1
679;Švarcbek Josef;KSÈM;KSÈM;0;1
680;Nágrová Alexandra;KSÈM;KSÈM;0;1
681;Hubka Zdenìk;KSÈM;KSÈM;0;1
682;Kopalová Ladislava;KSÈM;KSÈM;0;1
683;Hlásek František;KSÈM;KSÈM;0;1
684;Hojda Pavel;KSÈM;KSÈM;1;1
685;Holan Jiøí;KSÈM;KSÈM;0;1
686;Borka Jaroslav;KSÈM;KSÈM;0;1
687;Valjentová Eva;KSÈM;KSÈM;0;1
688;Jurèák František;KSÈM;KSÈM;0;1
689;Kalaš Oleg;KSÈM;KSÈM;0;1
690;Tancibudek Jan;KSÈM;KSÈM;0;1
691;Jakubík Václav;KSÈM;KSÈM;0;1
692;Šenfeld Josef;KSÈM;KSÈM;1;1
693;Maršíèek Zdenìk;KSÈM;KSÈM;1;1
694;Sedláèková Erika;KSÈM;KSÈM;0;1
695;Zíka Tomáš;KSÈM;KSÈM;0;1
696;Beneš Václav;KSÈM;KSÈM;0;1
697;Belej Radek;KSÈM;KSÈM;0;1
698;Buldra Miloslav;KSÈM;KSÈM;0;1
699;Jírovcová Hana;KSÈM;KSÈM;0;1
700;Faix Drahomír;KSÈM;KSÈM;0;1
701;Mackovík Stanislav;KSÈM;KSÈM;0;1
702;Panc Oldøich;KSÈM;KSÈM;0;1
703;Picková Vìra;KSÈM;KSÈM;0;1
704;Souèek Josef;KSÈM;KSÈM;0;1
705;Nováková Tajana;KSÈM;KSÈM;0;1
706;Tita Miloš;KSÈM;KSÈM;0;1
707;Havlík Josef;KSÈM;KSÈM;0;1
708;Marková Soòa;KSÈM;KSÈM;1;1
709;Dlab Vlastimil;KSÈM;KSÈM;0;1
710;Bubnová Blanka;KSÈM;KSÈM;0;1
711;Ruml Otakar;KSÈM;KSÈM;0;1
712;Štìpán Lubomír;KSÈM;KSÈM;0;1
713;Špás Milan;KSÈM;KSÈM;0;1
714;Šimša Petr;KSÈM;KSÈM;0;1
715;Snopek Václav;KSÈM;KSÈM;1;1
716;Gruntová Jitka;KSÈM;KSÈM;0;1
717;Fišer Jaroslav;KSÈM;KSÈM;0;1
718;ítková Jana;KSÈM;KSÈM;0;1
719;Mouèka Jaroslav;KSÈM;KSÈM;0;1
720;Konèická Kvìta;KSÈM;KSÈM;0;1
721;Dudla Martin;KSÈM;KSÈM;0;1
722;Kubù Pavel;KSÈM;KSÈM;0;1
723;Kováèik Pavel;KSÈM;KSÈM;1;1
724;Bièík Milan;KSÈM;KSÈM;1;1
725;Rusová Marie;KSÈM;KSÈM;0;1
726;Hodáè Pavel;KSÈM;KSÈM;0;1
727;Herzán Martin;KSÈM;KSÈM;0;1
728;Cihláø František;KSÈM;KSÈM;0;1
729;Semorád Zdenìk;KSÈM;KSÈM;0;1
730;Vejmìlek Ladislav;KSÈM;KSÈM;0;1
731;Moravec Karel;KSÈM;KSÈM;0;1
732;Nigoš Štefan;KSÈM;KSÈM;0;1
733;Grebeníèek Miroslav;KSÈM;KSÈM;1;1
734;Adam Vojtìch;KSÈM;KSÈM;1;1
735;Bøeza Pavel;KSÈM;KSÈM;0;1
736;Pojeznı Ivo;KSÈM;KSÈM;0;1
737;Oboøilová Lenka;KSÈM;KSÈM;0;1
738;Tesaøík Zdenìk;KSÈM;KSÈM;0;1
739;Luntner Svatopluk;KSÈM;KSÈM;0;1
740;Køivánková Vìra;KSÈM;KSÈM;0;1
741;Bıèek Ladislav;KSÈM;KSÈM;0;1
742;Florus Martin;KSÈM;KSÈM;0;1
743;Øehoø Jan;KSÈM;KSÈM;0;1
744;Tesaø Vojtìch;KSÈM;KSÈM;0;1
745;Èernı Alexander;KSÈM;KSÈM;1;1
746;Mlèák Ladislav;KSÈM;KSÈM;1;1
747;Kania Jindøich;KSÈM;KSÈM;0;1
748;Sumara Ivan;KSÈM;KSÈM;0;1
749;Marek Miroslav;KSÈM;KSÈM;0;1
750;Opršal Jaroslav;KSÈM;KSÈM;0;1
751;Nekl Josef;KSÈM;KSÈM;0;1
752;Urbánek Vladimír;KSÈM;KSÈM;0;1
753;Brada Zdenìk;KSÈM;KSÈM;0;1
754;Veselı Kamil;KSÈM;KSÈM;0;1
755;Grygar Stanislav;KSÈM;KSÈM;0;1
756;Navrátil Miroslav;KSÈM;KSÈM;0;1
757;Štaudnerová Ludmila;KSÈM;KSÈM;0;1
758;Koníèek Vladimír;KSÈM;KSÈM;1;1
759;Butnikošarovská Dagmar;KSÈM;KSÈM;0;1
760;Procházka Jaroslav;KSÈM;KSÈM;0;1
761;Opravilová Esma;KSÈM;KSÈM;0;1
762;Maøák Ivan;KSÈM;KSÈM;0;1
763;Místeckı Vladimír;KSÈM;KSÈM;0;1
764;Hlobilová Zdeòka;KSÈM;KSÈM;0;1
765;Bazalková Dáša;KSÈM;KSÈM;0;1
766;Varga Jiøí;KSÈM;KSÈM;0;1
767;Opálka Miroslav;KSÈM;KSÈM;1;1
768;Koneèná Kateøina;KSÈM;KSÈM;1;1
769;Svoboda Karel;KSÈM;KSÈM;0;1
770;Recman Svatomír;KSÈM;KSÈM;0;1
771;Halíková Milada;KSÈM;KSÈM;1;1
772;Hyvnar Radim;KSÈM;KSÈM;0;1
773;Heczko Eduard;KSÈM;KSÈM;0;1
774;Hanusová Jitka;KSÈM;KSÈM;0;1
775;Šimíková Martina;KSÈM;KSÈM;0;1
776;Vrba Ivan;KSÈM;KSÈM;0;1
777;Luzar Leo;KSÈM;KSÈM;0;1
778;Varteckı Petr;KSÈM;KSÈM;0;1
779;Dener Tomáš;KSÈM;KSÈM;0;1
780;Horáková Dagmar;KSÈM;KSÈM;0;1
781;Chovancová Marta;SP;Suveren.;0;0
782;Holba Pavel;KAN;Obèané;0;0
783;Domlátil Jiøí;KAN;Obèané;0;0
784;Sedlmayerová Olga;KAN;Obèané;0;0
785;Støíbrnı Vladimír;HNPD;TOP 09;0;0
786;Kuèírek Zdenìk;SP;Obèané;0;0
787;Lua Bohumil;KAN;KONS;0;0
788;Cigánek František;KAN;KONS;0;0
789;Bezdìk Jaroslav;KAN;KONS;0;0
790;Skopal Jaroslav;MDS;ÈSNS2005;0;0
791;Vaøeka Ladislav;KAN;KONS;0;0
792;Podrackı Vlastimil;MDS;KONS;0;0
793;Šulc Jaroslav;KAN;KONS;0;0
794;Štìdroò Radoslav;SP;Suveren.;0;0
795;Szotkowski Jan;HNPD;Suveren.;0;0
796;Tomica Antonín;HNPD;Suveren.;0;0
797;Voráè Martin;NS;KONS;0;0
798;Kuèera Dušan;NS;SPR-RSÈ;0;0
799;Spudil Radek;NS;Obèané;0;0
800;Kroupa Pavel;NS;SPR-RSÈ;0;0
801;Vaòata Jindøich;NS;DSSS;0;0
802;Soukup Milan;NS;DSSS;0;0
803;Èukalovskı Josef;NS;SPR-RSÈ;0;0
804;Soukupová Radka;NS;DSSS;0;0
805;Štanglová Monika;NS;DSSS;0;0
806;Øimnáè František;NS;SPR-RSÈ;0;0
807;Pour Bohumil;NS;SPR-RSÈ;0;0
808;Pešek Jan Adam;NS;SPR-RSÈ;0;0
809;Rùièka Miroslav;NS;SPR-RSÈ;0;0
810;Pekárková Lucie;NS;DSSS;0;0
811;Kubinec Jan;NS;DSSS;0;0
812;Pikola Rudolf;NS;DSSS;0;0
813;Èernı Libor;NS;DSSS;0;0
814;Dichter František;NS;DSSS;0;0
815;Komárek Václav;NS;DSSS;0;0
816;Machová Iveta;NS;DSSS;0;0
817;Poledno Jiøí;NS;DSSS;0;0
818;Fronèek Vilém;NS;DSSS;0;0
819;Vícha René;NS;DSSS;0;0
820;Svoboda Cyril;KDU-ÈSL;KDU-ÈSL;1;1
821;Hošek Marián;KDU-ÈSL;KDU-ÈSL;0;1
822;Orel Jaroslav;KDU-ÈSL;KDU-ÈSL;0;1
823;Burgr Petr;KDU-ÈSL;KDU-ÈSL;0;1
824;Jelenová Zuzana;KDU-ÈSL;KDU-ÈSL;0;1
825;Rázková Daniela;KDU-ÈSL;KDU-ÈSL;0;1
826;Philipp Tom;KDU-ÈSL;KDU-ÈSL;0;1
827;Kapièák Ivan;KDU-ÈSL;KDU-ÈSL;0;1
828;Prausová Erika;KDU-ÈSL;KDU-ÈSL;0;1
829;Èiinskı Jan;KDU-ÈSL;KDU-ÈSL;0;1
830;Fajstavrová Jana;KDU-ÈSL;TOP 09;0;0
831;Parkanová Vlasta;KDU-ÈSL;TOP 09;1;0
832;Ptáèková Melicharová Lenka;KDU-ÈSL;KDU-ÈSL;0;1
833;Kroupa Karel;KDU-ÈSL;KDU-ÈSL;0;1
834;Kuhn Jiøí;KDU-ÈSL;KDU-ÈSL;0;1
835;Sova Karel;KDU-ÈSL;KDU-ÈSL;0;1
836;Hermuth Jiøí;KDU-ÈSL;KDU-ÈSL;0;1
837;Štorková Marie;KDU-ÈSL;KDU-ÈSL;0;1
838;Prùša Daniel;KDU-ÈSL;KDU-ÈSL;0;1
839;Chotívka Petr;KDU-ÈSL;TOP 09;0;0
840;Pavliš Miroslav;KDU-ÈSL;KDU-ÈSL;0;1
841;Blecha Karel;KDU-ÈSL;KDU-ÈSL;0;1
842;Kalousek Miroslav;KDU-ÈSL;TOP 09;1;0
843;Talíø Jaromír;KDU-ÈSL;KDU-ÈSL;0;1
844;Vodièka Rudolf;KDU-ÈSL;KDU-ÈSL;0;1
845;Hrdinová Marie;KDU-ÈSL;KDU-ÈSL;0;1
846;Matìjù Václav;KDU-ÈSL;TOP 09;0;0
847;Franta Lukáš;KDU-ÈSL;KDU-ÈSL;0;1
848;Malík Stanislav;KDU-ÈSL;KDU-ÈSL;0;1
849;Houdek Jiøí;KDU-ÈSL;KDU-ÈSL;0;1
850;Dvoøák Zdenìk;KDU-ÈSL;KDU-ÈSL;0;1
851;Lobkowicz Jaroslav;KDU-ÈSL;TOP 09;0;0
852;Vaèkáø Jiøí;KDU-ÈSL;TOP 09;0;0
853;Lodr Jiøí;KDU-ÈSL;KDU-ÈSL;0;1
854;Náhlík Petr;KDU-ÈSL;KDU-ÈSL;0;1
855;Bílek Roman;KDU-ÈSL;KDU-ÈSL;0;1
856;Kadlec Jan;KDU-ÈSL;KDU-ÈSL;0;1
857;Koderová Marie;KDU-ÈSL;KDU-ÈSL;0;1
858;Malı Josef;KDU-ÈSL;TOP 09;0;0
859;Poledníèek Marek;KDU-ÈSL;KDU-ÈSL;0;1
860;Novák Jiøí;KDU-ÈSL;KDU-ÈSL;0;1
861;Matuška Radek;KDU-ÈSL;KDU-ÈSL;0;1
862;Hoferic Milan;KDU-ÈSL;KDU-ÈSL;0;1
863;Tobolková Marie;KDU-ÈSL;TOP 09;0;0
864;Kubínek Jiøí;KDU-ÈSL;TOP 09;0;0
865;Rùièka František;KDU-ÈSL;KDU-ÈSL;0;1
866;Müller Miloslav;KDU-ÈSL;TOP 09;0;0
867;Boèek Pavel;KDU-ÈSL;TOP 09;0;0
868;Landa Jiøí;KDU-ÈSL;KDU-ÈSL;0;1
869;Buøt Vladimír;KDU-ÈSL;SZ;0;0
870;Poláèková Eva;KDU-ÈSL;KDU-ÈSL;0;1
871;Chaloupek Tomáš;KDU-ÈSL;KDU-ÈSL;0;1
872;Zelenková Václava;KDU-ÈSL;KDU-ÈSL;0;1
873;Pištìková Dagmar;KDU-ÈSL;KDU-ÈSL;0;1
874;Steiner Leo;KDU-ÈSL;KDU-ÈSL;0;1
875;Barborka Vladimír;KDU-ÈSL;KDU-ÈSL;0;1
876;Drábek Jaromír;KDU-ÈSL;TOP 09;0;0
877;Jiran Pavel;KDU-ÈSL;KDU-ÈSL;0;1
878;Veber Tomáš;KDU-ÈSL;KDU-ÈSL;0;1
879;Nosek Václav;KDU-ÈSL;KDU-ÈSL;0;1
880;Svoboda Kamil Jan;KDU-ÈSL;KDU-ÈSL;0;1
881;Derner Vladimír;KDU-ÈSL;KDU-ÈSL;0;1
882;Vitvar Jiøí;KDU-ÈSL;KDU-ÈSL;0;1
883;Neumann Petr;KDU-ÈSL;KDU-ÈSL;0;1
884;Kaizr Jan Simeon;KDU-ÈSL;KDU-ÈSL;0;1
885;Veselı Jiøí;KDU-ÈSL;KDU-ÈSL;0;1
886;Hùlek Pavel;KDU-ÈSL;KDU-ÈSL;0;1
887;Severa Pavel;KDU-ÈSL;TOP 09;1;0
888;Šotola Pavel;KDU-ÈSL;KDU-ÈSL;0;1
889;Brokeš Pavel;KDU-ÈSL;KDU-ÈSL;0;1
890;Starı Pavel;KDU-ÈSL;KDU-ÈSL;0;1
891;Kumstıøová Zdenka;KDU-ÈSL;KDU-ÈSL;0;1
892;Weisbauer František;KDU-ÈSL;KDU-ÈSL;0;1
893;Petr Pavel;KDU-ÈSL;KDU-ÈSL;0;1
894;Kasal Jan;KDU-ÈSL;KDU-ÈSL;1;1
895;Blaek Jiøí;KDU-ÈSL;TOP 09;0;0
896;Šustrová Helena;KDU-ÈSL;KDU-ÈSL;0;1
897;Preininger Tomáš;KDU-ÈSL;KDU-ÈSL;0;1
898;Linhart Milan;KDU-ÈSL;KDU-ÈSL;0;1
899;Hrubı Jaroslav;KDU-ÈSL;KDU-ÈSL;0;1
900;Køišan Tomáš;KDU-ÈSL;KDU-ÈSL;0;1
901;Komárek Štìpán;KDU-ÈSL;KDU-ÈSL;0;1
902;Houška Miroslav;KDU-ÈSL;KDU-ÈSL;0;1
903;Husák Jan;KDU-ÈSL;TOP 09;1;0
904;Kamba Stanislav;KDU-ÈSL;KDU-ÈSL;0;1
905;Vybíral Alois;KDU-ÈSL;KDU-ÈSL;0;1
906;Matìjková Anna;KDU-ÈSL;KDU-ÈSL;0;1
907;Tesaøík Antonín;KDU-ÈSL;KDU-ÈSL;0;1
908;Bedrava Martin;KDU-ÈSL;KDU-ÈSL;0;1
909;Havíø František;KDU-ÈSL;KDU-ÈSL;0;1
910;Berka Pavel;KDU-ÈSL;KDU-ÈSL;0;1
911;Nìmec Jiøí;KDU-ÈSL;KDU-ÈSL;0;1
912;Boøeckı Karel;KDU-ÈSL;TOP 09;0;0
913;Prokop Pavel;KDU-ÈSL;KDU-ÈSL;0;1
914;Kocanda Vlastimil;KDU-ÈSL;TOP 09;0;0
915;König Jan;KDU-ÈSL;KDU-ÈSL;0;1
916;Vykydal Ivo;KDU-ÈSL;TOP 09;0;0
917;Prinz Petr;KDU-ÈSL;KDU-ÈSL;0;1
918;Novotná Milena;KDU-ÈSL;KDU-ÈSL;0;1
919;Miklas Jindøich;KDU-ÈSL;KDU-ÈSL;0;1
920;Chalánková Jitka;KDU-ÈSL;TOP 09;0;0
921;Fidrmuc Jaroslav;KDU-ÈSL;KDU-ÈSL;0;1
922;John František;KDU-ÈSL;KDU-ÈSL;0;1
923;Jureèka Marian;KDU-ÈSL;KDU-ÈSL;0;1
924;Kubíèek Jindøich;KDU-ÈSL;KDU-ÈSL;0;1
925;Šojdrová Michaela;KDU-ÈSL;KDU-ÈSL;1;1
926;Hovorka Ludvík;KDU-ÈSL;KDU-ÈSL;1;1
927;Studeník Pavel;KDU-ÈSL;KDU-ÈSL;0;1
928;Jelínková Šárka;KDU-ÈSL;KDU-ÈSL;0;1
929;Uher Even;KDU-ÈSL;TOP 09;0;0
930;Carbol Jiøí;KDU-ÈSL;KDU-ÈSL;1;1
931;Vícha Josef;KDU-ÈSL;KDU-ÈSL;0;1
932;Staòková Marcela;KDU-ÈSL;KDU-ÈSL;0;1
933;itníková Gabriela;KDU-ÈSL;KDU-ÈSL;0;1
934;Chamráth Rudolf;KDU-ÈSL;KDU-ÈSL;0;1
935;Dolanskı Bohumil;KDU-ÈSL;TOP 09;0;0
936;Forišková Dana;KDU-ÈSL;KDU-ÈSL;0;1
937;Pindejová Kateøina;KDU-ÈSL;KDU-ÈSL;0;1
938;Praáková Vìra;KDU-ÈSL;KDU-ÈSL;0;1
939;Vrchoveckı František;KDU-ÈSL;KDU-ÈSL;0;1
940;Šujan Vojtìch;KDU-ÈSL;KDU-ÈSL;0;1
941;Pùèek Jan;KDU-ÈSL;KDU-ÈSL;0;1
942;Kaleta Petr;KDU-ÈSL;KDU-ÈSL;0;1
943;Jaroš Ladislav;NEZ/DEM;SPOZ;0;0
944;Duha Radek;NEZ/DEM;Suveren.;0;0
945;Paldinus ¼uboš;NEZ/DEM;Suveren.;0;0
946;Vítovcová Ladislava;NEZ/DEM;Suveren.;0;0
947;Mudra Jaroslav;NEZ/DEM;Suveren.;0;0
948;Ambrozková Jaroslava;NEZ/DEM;Suveren.;0;0
949;Janeèek Jiøí;NEZ/DEM;Suveren.;0;0
950;Kozerová Marcela;NEZ/DEM;SPOZ;0;0
951;Šafránek Kvìtoslav;NEZ/DEM;TOP 09;0;0
952;Hudlíková Andrea;NEZ/DEM;Suveren.;0;0
953;Chmelaø Rudolf;NEZ/DEM;VV;0;0
954;Volfová Jana;NEZ/DEM;Suveren.;0;0
955;Bergerová Štìpánka;SRŠ;SZ;0;0
956;Pøikrylová Petra;SRŠ;STOP;0;0
957;Frélichová Eva;SRŠ;VV;0;0
